First Name,Middle Name,Last Name,DOB,Gender,Address,Email,Phone
Ramon,,Ortizreyes,1943-10-07,Male,"160 BUSH ST APT 1E <br>BRONX, NY",,6469057510
Vincent,,Bongermino,1955-11-15,Male,"42 PINYON ST null <br>HOWELL, NJ 7731",,7322028529
Patricia,,Johnson,1939-03-21,Female,"41  CONVENT  AVE  32K null <br>NEW YORK, NY 10027",,347-847-4938
Juan,,Fuentes,1956-09-30,Male,"136 E 208TH ST#3A null <br>BRONX, NY 10467",,7879446683
Ganga,,Ram,1950-03-03,Male,"2853 BRIGGS AVE#PH null <br>BRONX, NY 10458",,7182958690
